"gene","product"
"SCO0579","ribose 5-phosphate isomerase"
"SCO0067","integral membrane permease"
"SCO0719","hypothetical protein"
"SCO0981","DNA-binding protein"
"SCO0366","hypothetical protein"
"SCO0789","Hypothetical protein"
"SCO0466","AraC family transcription regulator"
"SCO0807","hypothetical protein"
"SCO0059","zinc-binding oxidoreductase"
"SCO0830","penicillin-binding protein"
"SCO0369","hypothetical protein"
"SCO0288","hypothetical  protein"
"SCO0683","hypothetical protein"
"SCO0152","transmembrane transport protein"
"SCO0570","Gene: rpmG; 50S ribosomal protein L33"
"SCO0907","dehydrogenase"
"SCO0090","transposase"
"SCO0521","TetR family transcriptional regulator"
"SCO0726","oxidoreductase"
"SCO0909","hypothetical protein"
"SCO0566","hypothetical protein"
"SCO0356","oxidoreductase"
"SCO0620","hypothetical protein"
"SCO0618","hypothetical protein"
"SCO0635","hypothetical protein"
"SCO0660","solute-binding lipoprotein"
"SCO0327","hypthetical protein"
"SCO0335","hypothetical protein"
"SCO0643","cellulose-binding protein"
"SCO0450","hypothetical protein"
"SCO0401","glutamate-1-semialdehyde 2,1-aminomutase"
"SCO0165","hypothetical protein"
"SCO0910","hypothetical protein"
"SCO0151","hypothetical protein"
"SCO0238","hypothetical protein"
"SCO0072","hypothetical protein"
"SCO0766","beta-galactosidase"
"SCO0932","hypothetical protein"
"SCO0859","hypothetical protein"
"SCO0296","transcriptional regulator"
"SCO0876","hypothetical protein"
"SCO0743","hypothetical protein"
"SCO0159","ECF sigma factor"
"SCO0389","lipoprotein"
"SCO0210","hypothetical protein"
"SCO0207","hypothetical protein"
"SCO0583","cytochrome P450"
"SCO0247","hypothetical protein"
"SCO0270","hypothetical protein"
"SCO0101","hypothetical protein"
"SCO0858","hypothetical protein"
"SCO0964","hypothetical protein"
"SCO0385","hypothetical protein"
"SCO0510","hypthetical protein"
"SCO0621","hypothetical protein"
"SCO0347","racemase"
"SCO0337","transcriptional regulator"
"SCO0149","hypothetical protein"
"SCO0311","ligase"
"SCO0364","enoyl-CoA hydratase"
"SCO0897","hypothetical protein"
"SCO0676","integral membrane sensor protein"
"SCO0360","LacI family DNA-binding transcriptional repressor"
"SCO0816","iron-sulfur protein"
"SCO0504","DEAD/DEAH box helicase"
"SCO0948","alpha-mannosidase"
"SCO0872","hypothetical protein"
"SCO0867","hypothetical protein"
"SCO0573","hypothetical protein"
"SCO0094","hypthetical protein"
"SCO0738","hypothetical protein"
"SCO0055","membrane-associated oxidoreductase"
"SCO0326","hypothetical protein"
"SCO0139","hypothetical protein"
"SCO0772","regulatory protein"
"SCO0655","gas vesicle synthesis protein"
"SCO0502","hypothetical protein"
"SCO0942","RNA polymerase sigma factor SigL"
"SCO0103","flavohemoprotein"
"SCO0057","hypothetical protein"
"SCO0338","dehydrogenase"
"SCO0881","hypothetical protein"
"SCO0390","hypothetical protein"
"SCO0070","hypothetical protein"
"SCO0887","TetR family transcriptional regulator"
"SCO0966","dehydratase"
"SCO0778","hypothetical protein"
"SCO0193","DNA-binding regulator"
"SCO0713","lipase"
"SCO0709","branched-chain amino acid ABC transporter ATP-binding protein"
"SCO0136","Gene: ulaA; PTS system ascorbate-specific transporter subunit IIC"
"SCO0202","hypothetical protein"
"SCO0239","hypothetical protein"
"SCO0412","hypothetical protein"
"SCO0315","decarboxylase"
"SCO0927","LysR family transcriptional regulator"
"SCO0665","hypothetical protein"
"SCO0841","oxidoreductase"
"SCO0190","methyltransferase"
"SCO0263","oxidoreductase"
"SCO0968","hypothetical protein"
"SCO0556","hypothetical protein"
"SCO0215","hypothetical protein"
"SCO0659","DeoR family transcriptional regulator"
"SCO0178","hypothetical protein"
"SCO0822","DNA-binding protein"
"SCO0664","hypothetical protein"
"SCO0653","hypothetical protein"
"SCO0608","regulatory protein"
"SCO0697","hypthetical protein"
"SCO0877","transcriptional regulator"
"SCO0480","hypothetical protein"
"SCO0678","hypothetical protein"
"SCO0313","transmembrane transport protein"
"SCO0427","hydrolase"
"SCO0856","hypothetical protein"
"SCO0845","hypothetical protein"
"SCO0092","hypthetical protein"
"SCO0920","acyltransferase"
"SCO0792","hypothetical protein"
"SCO0587","hypothetical protein"
"SCO0972","transposase remnant"
"SCO0420","homoserine dehydrogenase"
"SCO0884","oxidoreductase"
"SCO0614","hypothetical protein"
"SCO0316","DNA-binding protein"
"SCO0879","hypthetical protein"
"SCO0890","short chain oxidoreductase"
"SCO0013","hypothetical protein"
"SCO0208","pyruvate phosphate dikinase"
"SCO0104","hydrolase"
"SCO0518","hypothetical protein"
"SCO0180","hypothetical protein"
"SCO0793","hypothetical protein"
"SCO0134","hypothetical protein"
"SCO0291","binding protein dependent transport protein"
"SCO0185","geranylgeranyl pyrophosphate synthase"
"SCO0875","transcription regulator ArsR"
"SCO0631","hypothetical protein"
"SCO0218","nitrate reductase subunit delta NarJ2"
"SCO0682","hypothetical protein"
"SCO0596","DNA-binding protein"
"SCO0651","gas vesicle synthesis protein"
"SCO0154","hypothetical protein"
"SCO0131","hypothetical protein"
"SCO0089","transcriptional regulator"
"SCO0898","regulator"
"SCO0560","catalase/peroxidase"
"SCO0710","branched-chain amino acid ABC transporter ATP-binding protein"
"SCO0699","hypothetical protein"
"SCO0871","two-component sensor protein"
"SCO0278","MutT domain-containing protein"
"SCO0642","hypothetical protein"
"SCO0900","transmembrane efflux protein"
"SCO0281","hypothetical protein"
"SCO0585","ATP/GTP binding protein"
"SCO0142","hypothetical protein"
"SCO0755","ABC transporter"
"SCO0582","transcriptional regulator"
"SCO1000","integrase"
"SCO0593","hypothetical protein"
"SCO0038","sigma factor"
"SCO0565","polyprenyl synthetase"
"SCO0949","hypothetical protein"
"SCO0295","transmembrane efflux protein"
"SCO0741","oxidoreductase"
"SCO0484","monooxygenase"
"SCO0219","nitrate reductase subunit delta NarI2"
"SCO0044","oxidoreductase"
"SCO0339","dehydrogenase"
"SCO0398","glycosyl transferase"
"SCO0257","hypothetical protein"
"SCO0451","hypothetical protein"
"SCO0008","hypothetical protein"
"SCO0071","hypothetical protein"
"SCO0391","transferase"
"SCO0330","Gene: fabG; 3-ketoacyl-ACP reductase"
"SCO0748","hydrolase"
"SCO0063","glucokinase"
"SCO0021","hypothetical protein"
"SCO0186","phytoene dehydrogenase"
"SCO0069","hypothetical protein"
"SCO0580","dihydroxyacetone kinase"
"SCO0367","hypothetical protein"
"SCO0237","oxidoreductase"
"SCO0641","tellurium resistance protein"
"SCO0913","hypothetical protein"
"SCO0747","hypothetical protein"
"SCO0946","regulatory protein"
"SCO0899","hydrolase"
"SCO0399","hypothetical protein"
"SCO0308","hypothetical protein"
"SCO0734","transcriptional repressor"
"SCO0066","integral membrane permease"
"SCO0415","hypothetical protein"
"SCO0076","hypthetical protein"
"SCO0938","amino acid transporter"
"SCO0705","hypothetical protein"
"SCO0017","hypothetical protein"
"SCO0402","hypothetical protein"
"SCO0990","hypothetical protein"
"SCO0602","hypothetical protein"
"SCO0783","tetracycline resistance protein"
"SCO0906","hypothetical protein"
"SCO0175","hypothetical protein"
"SCO0381","glycosyl transferase"
"SCO0918","excinuclease ABC subunit A"
"SCO0675","hypothetical protein"
"SCO0001","hypothetical protein"
"SCO0839","transmembrane transport protein"
"SCO0093","hypthetical protein"
"SCO0607","lipoprotein"
"SCO0702","regulator"
"SCO0277","hypothetical protein"
"SCO0827","hypothetical protein"
"SCO0507","hypothetical protein"
"SCO0911","hypothetical protein"
"SCO0217","nitrate reductase subunit beta NarH2"
"SCO0414","RNA polymerase sigma factor"
"SCO0020","transposase"
"SCO0939","hydrolase"
"SCO0542","regulatory protein"
"SCO0692","hypothetical protein"
"SCO0693","hypothetical protein"
"SCO0882","hypothetical protein"
"SCO0513","hypothetical protein"
"SCO0767","hypothetical protein"
"SCO0598","anti anti sigma factor"
"SCO0701","hypothetical protein"
"SCO0421","two-component response regulator"
"SCO0514","hypothetical protein"
"SCO0234","oxidoreductase"
"SCO0994","hypothetical protein"
"SCO0527","cold shock protein"
"SCO0849","hypothetical protein"
"SCO0082","hypthetical protein"
"SCO0980","hypothetical protein"
"SCO0552","response regulator"
"SCO0100","hypthetical protein"
"SCO0534","beta-hexosaminidase"
"SCO0378","hypothetical protein"
"SCO0815","hypothetical protein"
"SCO0677","chitosanase"
"SCO0886","LacI family transcriptional regulator"
"SCO0054","hypthetical protein"
"SCO0732","protease"
"SCO0002","hypothetical protein"
"SCO0564","hypothetical protein"
"SCO0962","glycosyl transferase"
"SCO0903","hypothetical protein"
"SCO0010","hypothetical protein"
"SCO0904","hypothetical protein"
"SCO0331","short chain oxidoreductase"
"SCO0597","hypothetical protein"
"SCO0970","dehydrogenase/reductase"
"SCO0550","hypothetical protein"
"SCO0742","ABC transporter"
"SCO0272","binding-protein-dependent transport protein"
"SCO0780","zinc-binding oxidoreductase"
"SCO0543","peptidase"
"SCO0373","hypothetical protein"
"SCO0052","hypthetical protein"
"SCO0811","ABC transporter ATP-binding protein"
"SCO0341","large hypothetical protein"
"SCO0395","epimerase/dehydratase"
"SCO0745","TetR family transcriptional regulator"
"SCO0205","hypthetical protein"
"SCO0572","cytosine permease"
"SCO0225","hypothetical protein"
"SCO0061","hypothetical protein"
"SCO0141","calcium-binding protein"
"SCO0684","hypothetical protein"
"SCO0431","hypothetical protein"
"SCO0639","hypothetical protein"
"SCO0996","lipoprotein"
"SCO0540","sugar transport membrane protein"
"SCO0967","reductase"
"SCO0758","hypothetical protein"
"SCO0344","GntR family transcriptional regulator"
"SCO0491","ABC transporter"
"SCO0652","gas vesicle synthesis protein"
"SCO0902","hypothetical protein"
"SCO0985","5- methyltetrahydropteroyltriglutamate/homocysteine S-methyltransferase"
"SCO0156","hypothetical protein"
"SCO0823","GntR family transcriptional regulator"
"SCO0644","hypothetical protein"
"SCO0433","transcriptional regulator"
"SCO0162","hypothetical protein"
"SCO0720","hypothetical protein"
"SCO0717","hypothetical protein"
"SCO0657","gas vesicle synthesis protein"
"SCO0445","hypothetical protein"
"SCO0363","hypothetical protein"
"SCO0107","aminoglycoside nucleotidyltransferase"
"SCO0623","membrane transport protein"
"SCO0844","DNA-binding protein"
"SCO0115","hypthetical protein"
"SCO0997","Fe uptake system integral membrane protein"
"SCO0991","hypothetical protein"
"SCO0468","hypothetical protein"
"SCO0763","oxidoreductase"
"SCO0804","hypothetical protein"
"SCO0095","hypothetical protein"
"SCO0483","hypothetical protein"
"SCO0223","hypothetical protein"
"SCO0868","regulatory protein"
"SCO0374","ABC transporter"
"SCO0975","6-phosphogluconate dehydrogenase"
"SCO0166","regulator"
"SCO0396","hypothetical protein"
"SCO0751","regulatory protein"
"SCO0127","beta keto-acyl synthase"
"SCO0999","superoxide dismutase"
"SCO0698","hypothetical protein"
"SCO0403","hypothetical protein"
"SCO0435","aminotransferase"
"SCO0153","hypothetical protein"
"SCO0025","IS element ATP-binding protein"
"SCO0723","Gene: frcK; fructose transport system kinase"
"SCO0567","insertion element transposase"
"SCO0479","phosphatase"
"SCO0497","iron-siderophore permease transmembrane protein"
"SCO0923","Gene: sdhA; succinate dehydrogenase flavoprotein subunit"
"SCO0940","MarR family regulatory protein"
"SCO0629","transcriptional regulator"
"SCO0833","hypothetical protein"
"SCO0490","esterase"
"SCO0615","hypothetical protein"
"SCO0447","MarR family regulatory protein"
"SCO0293","beta-xylosidase"
"SCO0718","hypothetical protein"
"SCO0828","alkaline phosphatase"
"SCO0498","peptide monooxygenase"
"SCO0727","hypothetical protein"
"SCO0470","hydrolase"
"SCO0770","hypothetical protein"
"SCO0080","hypothetical protein"
"SCO0578","triosephosphate isomerase"
"SCO0160","DNA-binding protein"
"SCO0126","beta keto-acyl synthase"
"SCO0279","glycosyl hydrolase"
"SCO0177","hypothetical protein"
"SCO0256","short chain oxidoreductase"
"SCO0489","hypothetical protein"
"SCO0842","deoxyribodipyrimidine photolyase"
"SCO0554","beta-mannosidase"
"SCO0456","LacI family transcriptional regulator"
"SCO0014","hypothetical protein"
"SCO0492","peptide synthetase"
"SCO0408","methyltransferase"
"SCO0016","hypothetical protein"
"SCO0873","hypothetical protein"
"SCO0268","hypothetical protein"
"SCO0419","zinc-binding oxidoreductase"
"SCO0229","short chain dehydrogenase"
"SCO0129","hypothetical protein"
"SCO0854","hypothetical protein"
"SCO0397","hypothetical protein"
"SCO0018","hypothetical protein"
"SCO0558","hypothetical protein"
"SCO0798","hypothetical protein"
"SCO0495","iron-siderophore ABC-transporter ATP-binding protein"
"SCO0430","tetR family transcriptional regulator"
"SCO0813","short chain dehydrogenase"
"SCO0485","TetR family transcriptional regulator"
"SCO0449","solute-binding lipoprotein"
"SCO0388","hypothetical protein"
"SCO0954","acetyltransferase"
"SCO0284","alpha-galactosidase"
"SCO0600","RNA polymerase sigma factor sig8"
"SCO0995","methyltransferase"
"SCO0406","hypothetical protein"
"SCO0599","regulator of sig8"
"SCO0424","hypothetical protein"
"SCO0574","IclR family regulatory protein"
"SCO0482","chitinase"
"SCO0411","hypothetical protein"
"SCO0545","hypothetical protein"
"SCO0119","hypothetical protein"
"SCO0538","sugar transporter sugar binding lipoprotein"
"SCO0500","hypothetical protein"
"SCO0604","hypothetical protein"
"SCO0750","hypothetical protein"
"SCO0463","hypothetical protein"
"SCO0062","LacI family transcriptional regulator"
"SCO0459","hypothetical protein"
"SCO0355","hypothetical protein"
"SCO0961","Gene: glgC; glucose-1-phosphate adenylyltransferase"
"SCO0387","bi-domain-containing oxidoreductase"
"SCO0931","proline-rich protein"
"SCO0452","SIR2-like regulatory protein"
"SCO0294","acetyltransferase"
"SCO0662","binding protein dependent transport protein"
"SCO0443","hypothetical protein"
"SCO0762","protease inhibitor protein"
"SCO0515","hypthetical protein"
"SCO0135","hypothetical protein"
"SCO0125","oxidoreductase"
"SCO0241","transcriptional regulator"
"SCO0118","xylosidase/arabinosidase"
"SCO0517","hypothetical protein"
"SCO0233","DNA-binding protein"
"SCO0895","RNA polymerase principal sigma factor HrdC"
"SCO0668","flavoprotein"
"SCO0978","aspartate alpha-decarboxylase"
"SCO0340","hypothetical protein"
"SCO0888","hypothetical protein"
"SCO0937","hypothetical protein"
"SCO0064","hypothetical protein"
"SCO0524","gluconolactonase"
"SCO0024","hypthetical protein"
"SCO0448","hypthetical protein"
"SCO0624","hypothetical protein"
"SCO0286","peptidoglycan binding protein"
"SCO0444","hypothetical protein"
"SCO0559","hypothetical protein"
"SCO0246","hypothetical protein"
"SCO0661","binding protein dependent transport protein"
"SCO0465","non-heme chloroperoxidase"
"SCO0079","integral membrane transport protein"
"SCO0211","hypothetical protein"
"SCO0113","hypthetical protein"
"SCO0817","hypothetical protein"
"SCO0236","DNA-binding protein"
"SCO0973","hypothetical protein"
"SCO0298","LysR family transcriptional regulator"
"SCO0988","acetyltransferase"
"SCO0736","hypothetical protein"
"SCO0155","transcriptional regulator"
"SCO0905","hypothetical protein"
"SCO0779","hypothetical protein"
"SCO0846","hypothetical protein"
"SCO0454","binding-protein dependent transport protein"
"SCO0488","hydrolase"
"SCO0547","acyltransferase"
"SCO0413","hypothetical protein"
"SCO0467","hypothetical protein"
"SCO0956","hypothetical protein"
"SCO0936","oligosaccharide deacetylase"
"SCO0919","hypothetical protein"
"SCO0319","hypothetical protein"
"SCO0325","hypothetical protein"
"SCO0796","hypothetical protein"
"SCO0251","hypothetical protein"
"SCO0959","hypothetical protein"
"SCO0170","hypothetical protein"
"SCO0857","TetR family transcriptional regulator"
"SCO0203","two-component sensor"
"SCO0280","hypothetical protein"
"SCO0958","hypothetical protein"
"SCO0520","tetR family transcriptional regulator"
"SCO0423","membrane transport protein"
"SCO0865","hypothetical protein"
"SCO0568","polyprenyl synthetase"
"SCO0446","hypothetical protein"
"SCO0030","hypothetical protein"
"SCO0522","oxidoreductase"
"SCO0380","hypothetical protein"
"SCO0300","monooxygenase"
"SCO0562","hypothetical protein"
"SCO0425","hypothetical protein"
"SCO0163","hypothetical protein"
"SCO0533","sugar transporter membrane protein"
"SCO0393","transferase"
"SCO0487","MarR family transcriptional regulator"
"SCO0824","ABC transporter ATP-binding protein"
"SCO0915","hypothetical protein"
"SCO0557","MerR family transcriptional regulator"
"SCO0650","gas vesicle synthesis-like protein"
"SCO0271","binding-protein-dependent transport protein"
"SCO0826","hypothetical protein"
"SCO0685","hypothetical protein"
"SCO0526","oxidoreductase"
"SCO0847","lyase"
"SCO0634","hypthetical protein"
"SCO0144","hypothetical protein"
"SCO0418","DNA-binding protein"
"SCO0121","ABC transporter ATP-binding protein"
"SCO0429","oxidoreductase"
"SCO0128","hypothetical protein"
"SCO0850","hypothetical protein"
"SCO0963","hypothetical protein"
"SCO0321","carboxylesterase"
"SCO0998","Fe uptake system permease"
"SCO0503","hypothetical protein"
"SCO0303","hypothetical protein"
"SCO0309","amide hydrolase"
"SCO0214","hypothetical protein"
"SCO0687","oxidoreductase"
"SCO0046","hydrolase"
"SCO0571","hypothetical protein"
"SCO0235","short chain dehydrogenase"
"SCO0836","hypothetical protein"
"SCO0188","methylesterase"
"SCO0261","acetyltransferase"
"SCO0791","hypothetical protein"
"SCO0555","membrane-bound oxidoreductase"
"SCO0523","transcriptional regulator"
"SCO0848","oxidoreductase"
"SCO0005","transposase"
"SCO0206","hypthetical protein"
"SCO0656","gas vesicle synthesis protein"
"SCO0663","2-hydroxyacid dehydrogenase"
"SCO0029","hypothetical protein"
"SCO0358","racemase"
"SCO0862","hypothetical protein"
"SCO0336","hypothetical protein"
"SCO0588","sensor kinase"
"SCO0035","hypothetical protein"
"SCO0085","hypothetical protein"
"SCO0037","sigma factor"
"SCO0680","transmembrane efflux protein"
"SCO0243","hypothetical protein"
"SCO0042","hypothetical protein"
"SCO0654","hypothetical protein"
"SCO0032","hypthetical protein"
"SCO0759","hypothetical protein"
"SCO0707","branched-chain amino acid ABC transporter permease"
"SCO0648","methyltransferase"
"SCO0916","hypothetical protein"
"SCO0993","hypothetical protein"
"SCO0625","transporter"
"SCO0633","hypothetical protein"
"SCO0744","hypothetical protein"
"SCO0869","anti-sigma factor antagonist"
"SCO0800","TetR family transcriptional regulator"
"SCO0240","oxidoreductase"
"SCO0260","hypothetical protein"
"SCO0068","hydrolase"
"SCO0669","TetR family transcriptional regulator"
"SCO0290","solute-binding protein"
"SCO0250","transcriptional regulator"
"SCO0721","glycosyl transferase"
"SCO0771","hypothetical protein"
"SCO0306","hypthetical protein"
"SCO0595","hypothetical protein"
"SCO0333","dioxygenase"
"SCO0088","beta-lactamase"
"SCO0505","large, multifunctional hypothetical protein"
"SCO0704","hypthetical protein"
"SCO0354","binding-protein-dependent transport protein"
"SCO0725","hypothetical protein"
"SCO0531","sugar transporter sugar binding protein"
"SCO0712","transcriptional activator"
"SCO0764","hydrolase"
"SCO0269","hypothetical protein"
"SCO0204","LuxR family transcriptional regulator"
"SCO0539","sugar transporter membrane protein"
"SCO0318","oxidoreductase"
"SCO0649","gas vesicle synthesis protein"
"SCO0124","hypothetical protein"
"SCO0455","binding-protein dependent transport protein"
"SCO0140","MerR family transcriptional regulator"
"SCO0740","hydrolase"
"SCO0329","esterase"
"SCO0171","nicotinate phosphoribosyltransferase"
"SCO0563","hypothetical protein"
"SCO0011","hypothetical protein"
"SCO0457","hypothetical protein"
"SCO0494","iron-siderophore binding lipoprotein"
"SCO0323","hypothetical protein"
"SCO0310","TetR family transcriptional regulator"
"SCO0297","hypothetical protein"
"SCO0460","hypothetical protein"
"SCO0198","hypothetical protein"
"SCO0145","hypothetical protein"
"SCO0735","oxidoreductase"
"SCO0436","Gene: rpmF; 50S ribosomal protein L32"
"SCO0610","GntR family transcriptional regulator"
"SCO0945","formamidopyrimidine-DNA glycosylase"
"SCO0775","hypothetical protein"
"SCO0925","LysR family transcriptional regulator"
"SCO0835","methyltransferase"
"SCO0176","hypothetical protein"
"SCO0733","hypothetical protein"
"SCO0694","hypothetical protein"
"SCO0896","oxidoreductase"
"SCO0182","hypothetical protein"
"SCO0328","hypthetical protein"
"SCO0110","DNA-binding protein"
"SCO0691","oxidoreductase"
"SCO0019","hypothetical protein"
"SCO0852","aldolase"
"SCO0921","hypothetical protein"
"SCO0285","sodium/proton antiporter"
"SCO0026","hypothetical protein"
"SCO0541","alpha-galactosidase"
"SCO0273","substrate binding protein"
"SCO0478","hypothetical protein"
"SCO0529","oxidoreductase"
"SCO0851","PfkB-family carbohydrate kinase"
"SCO0053","hypthetical protein"
"SCO0861","hypothetical protein"
"SCO0749","dehydratase"
"SCO0969","reductase"
"SCO0222","acetyltransferase"
"SCO0060","hypothetical protein"
"SCO0169","hypothetical protein"
"SCO0041","hypothetical protein"
"SCO0248","hypothetical protein"
"SCO0287","regulatory protein"
"SCO0912","hypothetical protein"
"SCO0532","sugar transporter membrane protein"
"SCO0477","hypothetical protein"
"SCO0133","hypothetical protein"
"SCO0797","hypothetical protein"
"SCO0073","hypothetical protein"
"SCO0407","transcriptional regulator"
"SCO0810","ABC transporter permease"
"SCO0752","protease"
"SCO0768","lipoprotein"
"SCO0289","transcriptional regulator"
"SCO0212","hypothetical protein"
"SCO0512","regulatory protein"
"SCO0929","hypothetical protein"
"SCO0117","short chain dehydrogenase"
"SCO0746","Ser/Thr protein kinase"
"SCO0617","phosphoketolase"
"SCO0357","GntR family transcriptional regulator"
"SCO0109","hypothetical protein"
"SCO0058","hypothetical protein"
"SCO0787","hydrolase"
"SCO0108","hypothetical protein"
"SCO0259","alcohol dehydrogenase"
"SCO0084","hypothetical protein"
"SCO0965","hypothetical protein"
"SCO0232","hypothetical protein"
"SCO0368","transposase"
"SCO0953","LacI family transcriptional regulator"
"SCO0801","cytochrome P450"
"SCO0437","hypothetical protein"
"SCO0112","hypothetical protein"
"SCO0924","cytochrome B subunit"
"SCO0549","acyl carrier protein"
"SCO0606","hypothetical protein"
"SCO0351","hypothetical protein"
"SCO0525","hypothetical protein"
"SCO0581","transporter"
"SCO0955","hypothetical protein"
"SCO0611","hypothetical protein"
"SCO0359","hypothetical protein"
"SCO0254","hypothetical protein"
"SCO0098","transposase"
"SCO0866","ECF family RNA polymerase sigma factor"
"SCO0324","hypothetical protein"
"SCO0616","hypothetical protein"
"SCO0632","RNA polymerase sigma factor SigK"
"SCO0711","hypothetical protein"
"SCO0544","hypothetical protein"
"SCO0561","Fe regulatory protein"
"SCO0302","TetR family transcriptional regulator"
"SCO0034","hypothetical protein"
"SCO0840","MarR family transcriptional regulator"
"SCO0951","transport system permease"
"SCO0546","pyruvate carboxylase"
"SCO0878","hydrolase"
"SCO0926","hypothetical protein"
"SCO0673","hypothetical protein"
"SCO0908","hypothetical protein"
"SCO0253","TetR family transcriptional regulator"
"SCO0636","ABC transporter ATP-binding protein"
"SCO0537","hypothetical protein"
"SCO0947","hypothetical protein"
"SCO0382","UDP-glucose/GDP-mannose dehydrogenase"
"SCO0528","lipoprotein"
"SCO0091","IS1652 transposase"
"SCO0984","3-hydroxybutyryl-CoA dehydrogenase"
"SCO0404","2-haloalkanoic acid dehalogenase"
"SCO0027","hypothetical protein"
"SCO0009","hypothetical protein"
"SCO0808","solute-binding lipoprotein"
"SCO0674","endo-1,4-beta-xylanase"
"SCO0036","hypothetical protein"
"SCO0917","oxygenase"
"SCO0870","two-component system response regulator"
"SCO0074","hypothetical protein"
"SCO0049","hypothetical protein"
"SCO0106","insertion element transposase"
"SCO0051","hypthetical protein"
"SCO0312","acyl-CoA dehydrogenase"
"SCO0786","hypothetical protein"
"SCO0102","hypothetical protein"
"SCO0191","lycopene cyclase"
"SCO0267","hydrolase"
"SCO0343","hypothetical protein"
"SCO0979","hypothetical protein"
"SCO0266","transcriptional regulator"
"SCO0426","hypothetical protein"
"SCO0700","ABC transporter ATP-binding protein"
"SCO0276","oxidoreductase"
"SCO0184","hypothetical protein"
"SCO0933","lipoprotein"
"SCO0971","LysR family transcriptional regulator"
"SCO0496","iron-siderophore permease transmembrane protein"
"SCO0400","epimerase"
"SCO0696","hypothetical protein"
"SCO0434","bifunctional PTS system maltose and glucose-specific transporter subunits IICB"
"SCO0255","sigma factor"
"SCO0348","2-hydroxyacid dehydrogenase"
"SCO0097","hypothetical protein"
"SCO0105","endo-1,4-beta-xylanase"
"SCO0314","hypothetical protein"
"SCO0892","hypothetical protein"
"SCO0891","DNA-binding protein"
"SCO0688","hypothetical protein"
"SCO0143","hypothetical protein"
"SCO0410","hypothetical protein"
"SCO0023","hypthetical protein"
"SCO0536","hypothetical protein"
"SCO0320","hypothetical protein"
"SCO0724","transcriptional regulator"
"SCO0003","DNA-binding protein"
"SCO0860","cation-transporting ATPase"
"SCO0670","glycerol-3-phosphate dehydrogenase"
"SCO0628","hypothetical protein"
"SCO0213","nitrate/nitrite transporter"
"SCO0638","lipoprotein"
"SCO0551","histidine kinase"
"SCO0183","deoxiribopirymidine photolyase"
"SCO0275","transcriptional repressor protein"
"SCO0475","ABC transporter"
"SCO0838","hypothetical protein"
"SCO0147","transmembrane transport protein"
"SCO0950","transport system permease"
"SCO0889","LysR family transcriptional regulator"
"SCO0464","hypothetical protein"
"SCO0832","hypothetical protein"
"SCO0553","hypothetical protein"
"SCO0199","alcohol dehydrogenase"
"SCO0282","deoR family transcriptional regulator"
"SCO0441","LamB/YcsF family protein"
"SCO0375","integral membrane transport protein"
"SCO0960","hydrolase"
"SCO0612","hypothetical protein"
"SCO0535","hydrolase"
"SCO0416","hypothetical protein"
"SCO0417","hypothetical protein"
"SCO0164","cation-transporting ATPase"
"SCO0757","phosphatase"
"SCO0761","hypothetical protein"
"SCO0493","ABC-transporter transmembrane protein"
"SCO0508","tetR family transcriptional regulator"
"SCO0004","hypothetical protein"
"SCO0658","gas vesicle synthesis protein"
"SCO0928","hypothetical protein"
"SCO0943","hypothetical protein"
"SCO0820","hypothetical protein"
"SCO0934","hypothetical protein"
"SCO0672","anti-sigma factor antagonist"
"SCO0575","peptidase E"
"SCO0111","oxidoreductase"
"SCO0262","LysR family transcriptional regulator"
"SCO0181","hypothetical protein"
"SCO0730","hypothetical protein"
"SCO0409","spore-associated protein"
"SCO0458","Beta-glucosidase"
"SCO0715","hypothetical protein"
"SCO0630","acetyltransferase"
"SCO0201","hypothetical protein"
"SCO0376","transcriptional regulator"
"SCO0591","lysozyme"
"SCO0432","peptidase"
"SCO0690","oxidoreductase, molybdopterin binding subunit"
"SCO0982","isocitrate lyase"
"SCO0345","IclR family regulatory protein"
"SCO0197","hypothetical protein"
"SCO0530","transcriptional regulator"
"SCO0039","hypothetical protein"
"SCO0799","hypothetical protein"
"SCO0264","transcriptional regulator"
"SCO0476","ABC transporter ATP-binding protein"
"SCO0901","hypothetical protein"
"SCO0592","hypothetical protein"
"SCO0123","hypothetical protein"
"SCO0405","hypothetical protein"
"SCO0469","hypothetical protein"
"SCO0603","amino transferase"
"SCO0274","alpha-galactosidase"
"SCO0065","extracellular binding protein"
"SCO0245","hypothetical protein"
"SCO0012","hypothetical protein"
"SCO0983","malate synthase"
"SCO0265","hydroxylase"
"SCO0486","monooxygenase"
"SCO0499","formyltransferase"
"SCO0031","hypothetical protein"
"SCO0784","hypothetical protein"
"SCO0096","noncomposite transposon transposase"
"SCO0986","hypothetical protein"
"SCO0040","glycosyl transferase"
"SCO0007","hypothetical protein"
"SCO0231","hypothetical protein"
"SCO0883","Gene: def; peptide deformylase"
"SCO0756","ABC transporter"
"SCO0157","hypothetical protein"
"SCO0760","methyltransferase"
"SCO0224","hypothetical protein"
"SCO0695","hypothetical protein"
"SCO0989","hypothetical protein"
"SCO0829","serine protease"
"SCO0548","3-oxoacyl-ACP synthase"
"SCO0161","hypothetical protein"
"SCO0667","hypothetical protein"
"SCO0831","hypothetical protein"
"SCO0944","hypothetical protein"
"SCO0626","hypothetical protein"
"SCO0481","chitin binding protein"
"SCO0230","TetR family transcriptional regulator"
"SCO0120","hypothetical protein"
"SCO0392","methyltransferase"
"SCO0782","ribose-phosphate pyrophosphokinase"
"SCO0043","hypothetical protein"
"SCO0283","hypothetical protein"
"SCO0622","TetR family transcriptional regulator"
"SCO0189","dehydrogenase"
"SCO0322","ABC transport ATP-binding subunit"
"SCO0785","hypothetical protein"
"SCO0332","transcriptional regulator"
"SCO0361","hypothetical protein"
"SCO0209","hypothetical protein"
"SCO0511","dehydrogenase"
"SCO0440","hypothetical protein"
"SCO0438","pyrrolidone-carboxylate peptidase"
"SCO0473","solute-binding lipoprotein"
"SCO0114","hypthetical protein"
"SCO0015","Na+/H+ antiporter"
"SCO0569","Gene: rpmJ; 50S ribosomal protein L36"
"SCO0122","flavin-containing monooxygenase"
"SCO0837","hypothetical protein"
"SCO0769","aldo/keto reductase"
"SCO0083","transposase"
"SCO0681","ferredoxin/ferredoxin-NADP reductase"
"SCO0138","short chain dehydrogenase"
"SCO0158","oxidoreductase"
"SCO0194","sigma factor"
"SCO0818","ABC transporter ATP-binding protein"
"SCO0974","hypothetical protein"
"SCO0462","oxidoreductase"
"SCO0379","catalase"
"SCO0428","tetR family transcriptional regulator"
"SCO0422","two-component sensor kinase"
"SCO0519","oxidoreductase"
"SCO0773","ferredoxin"
"SCO0576","oxidoreductase"
"SCO0754","hypothetical protein"
"SCO0671","hypothetical protein"
"SCO0802","hypothetical protein"
"SCO0353","binding protein dependent transport protein"
"SCO0370","DNA-binding protein"
"SCO0350","hypothetical protein"
"SCO0647","short chain oxidoreductase"
"SCO0227","hypothetical protein"
"SCO0501","hypothetical protein"
"SCO0305","hypothetical protein"
"SCO0033","neuraminidase"
"SCO0172","hypothetical protein"
"SCO0774","cytochrome P450"
"SCO0349","oxidoreductase"
"SCO0394","hypothetical protein"
"SCO0028","hypothetical protein"
"SCO0843","hypothetical protein"
"SCO0821","threonine dehydratase"
"SCO0646","TetR family transcriptional regulator"
"SCO0200","hypothetical protein"
"SCO0619","hypothetical protein"
"SCO0765","endoglucanase"
"SCO0893","hypothetical protein"
"SCO0087","hypothetical protein"
"SCO0790","hydrolase"
"SCO0196","hypothetical protein"
"SCO0776","hypothetical protein"
"SCO0168","regulator protein"
"SCO0334","hypothetical protein"
"SCO0812","sugar isomerase"
"SCO0047","transcriptional regulator"
"SCO0914","lipoprotein"
"SCO0788","hypothetical protein"
"SCO0880","hypothetical protein"
"SCO0703","regulator"
"SCO0992","cysteine synthase"
"SCO0987","hypothetical protein"
"SCO0242","hypothetical protein"
"SCO0957","oxidoreductase"
"SCO0167","hypothetical protein"
"SCO0439","hypothetical protein"
"SCO0777","hypothetical protein"
"SCO0050","hypothetical protein"
"SCO0922","succinate dehydrogenase/fumarate reductase iron-sulfur subunit"
"SCO0863","hypothetical protein"
"SCO0716","glycosyl hydrolase"
"SCO0453","solute-binding lipoprotein"
"SCO0192","oxidoreductase"
"SCO0006","ATP/GTP-binding protein"
"SCO0383","hypothetical protein"
"SCO0461","hydrolase"
"SCO0099","hypthetical protein"
"SCO0075","hypothetical protein"
"SCO0116","TetR family transcriptional regulator"
"SCO0386","asparagine synthetase"
"SCO0317","transmembrane transport protein"
"SCO0516","lipoprotein"
"SCO0609","hypothetical protein"
"SCO0299","oxidoreductase"
"SCO0150","hypothetical protein"
"SCO0301","lipoprotein"
"SCO0173","hypothetical protein"
"SCO0722","hydrolase"
"SCO0894","hypothetical protein"
"SCO0148","transcriptional regulator"
"SCO0590","oxidoreductase"
"SCO0081","hypthetical protein"
"SCO0086","ribosylglycohydrolase"
"SCO0077","hypthetical protein"
"SCO0228","hypothetical protein"
"SCO0506","Gene: nadE; NAD synthetase"
"SCO0627","ATP-utilizing protein"
"SCO0258","hypothetical protein"
"SCO0179","zinc-containing dehydrogenase"
"SCO0941","lipoprotein"
"SCO0819","transmembrane transport protein"
"SCO0048","hypothetical protein"
"SCO0216","nitrate reductase subunit alpha NarG2"
"SCO0679","hypothetical protein"
"SCO0472","hypothetical protein"
"SCO0056","hypothetical protein"
"SCO0244","hypothetical protein"
"SCO0753","hypothetical protein"
"SCO0714","oxidoreductase"
"SCO0601","hypothetical protein"
"SCO0952","solute-binding protein"
"SCO0806","LacI family transcriptional regulator"
"SCO0221","hypthetical protein"
"SCO0022","IS element ATP-binding protein"
"SCO0589","LysR family transcriptional regulator"
"SCO0045","hypothetical protein"
"SCO0864","ECF family RNA polymerase sigma factor"
"SCO0874","hypothetical protein"
"SCO0195","lipoprotein"
"SCO0146","hypthetical protein"
"SCO0666","catalase"
"SCO0384","hypothetical protein"
"SCO0781","anti sigma factor antagonist"
"SCO0474","lipoprotein"
"SCO0372","hypothetical protein"
"SCO0855","acetyltransferase"
"SCO0471","AraC family transcription regulator"
"SCO0640","hypothetical protein"
"SCO0935","hypothetical protein"
"SCO0371","hypothetical protein"
"SCO0728","regulatory protein"
"SCO0708","branched-chain amino acid ABC transporter"
"SCO0731","transferase"
"SCO0853","hypothetical protein"
"SCO0637","hypothetical protein"
"SCO0977","hypothetical protein"
"SCO0930","lipoprotein"
"SCO0078","hypthetical protein"
"SCO0137","sugar-transport protein"
"SCO0834","hypothetical protein"
"SCO0442","hypothetical protein"
"SCO0509","Gene: glpK; glycerol kinase"
"SCO0645","Zinc-containing dehydrogenase"
"SCO0605","AraC family transcription regulator"
"SCO0825","transmembrane transport protein"
"SCO0132","transcriptional regulator"
"SCO0729","hypothetical protein"
"SCO0252","oxidoreductase"
"SCO0362","racemase"
"SCO0739","short chain dehydrogenase"
"SCO0292","sugar ABC-transporter integral membrane protein"
"SCO0365","oxidoreductase"
"SCO0352","solute-binding protein"
"SCO0304","hypothetical protein"
"SCO0814","rhamnose kinase"
"SCO0174","DNA-binding protein"
"SCO0586","hypothetical protein"
"SCO0220","hypothetical protein"
"SCO0577","hypothetical protein"
"SCO0130","beta-lactamase"
"SCO0584","cytochrome P450"
"SCO0689","oxidoreductase, iron-sulfur binding subunit"
"SCO0885","thioredoxin"
"SCO0226","hypothetical protein"
"SCO0594","methyltransferase"
"SCO0795","hypothetical protein"
"SCO0803","RNA polymerase sigma factor"
"SCO0249","hypothetical protein"
"SCO0307","DNA-binding protein"
"SCO0346","2-hydroxyhepta-2,4-diene-1,7-dioate isomerase"
"SCO0976","hypothetical protein"
"SCO0342","hypothetical protein"
"SCO0794","transcriptional regulator"
"SCO0686","hypothetical protein"
"SCO0805","prolyl aminopeptidase"
"SCO0377","hypothetical protein"
"SCO0737","oxidoreductase"
"SCO0706","lipoprotein"
"SCO0809","ABC transporter permease"
"SCO0613","arginine deiminase"
"SCO0187","phytoene synthase"
